Date,Market_Start,Market_End,Hora,Planet,Hora_Start,Hora_End,Market_Overlap_Start,Market_Overlap_End,Overlap_Minutes
2026-09-21,09:15:00,15:30:00,14,Mercury,08:08:20,10:07:40,09:15:00,10:07:40,52.67
2026-09-21,09:15:00,15:30:00,15,Moon,10:07:40,12:07:00,10:07:40,12:07:00,119.33
2026-09-21,09:15:00,15:30:00,16,Saturn,12:07:00,14:06:20,12:07:00,14:06:20,119.33
2026-09-21,09:15:00,15:30:00,17,Jupiter,14:06:20,16:05:40,14:06:20,15:30:00,83.67
2026-09-22,09:15:00,15:30:00,14,Jupiter,08:08:20,10:07:40,09:15:00,10:07:40,52.67
2026-09-22,09:15:00,15:30:00,15,Mars,10:07:40,12:07:00,10:07:40,12:07:00,119.33
2026-09-22,09:15:00,15:30:00,16,Sun,12:07:00,14:06:20,12:07:00,14:06:20,119.33
2026-09-22,09:15:00,15:30:00,17,Venus,14:06:20,16:05:40,14:06:20,15:30:00,83.67
2026-09-23,09:15:00,15:30:00,14,Venus,08:07:25,10:06:50,09:15:00,10:06:50,51.83
2026-09-23,09:15:00,15:30:00,15,Mercury,10:06:50,12:06:15,10:06:50,12:06:15,119.42
2026-09-23,09:15:00,15:30:00,16,Moon,12:06:15,14:05:40,12:06:15,14:05:40,119.42
2026-09-23,09:15:00,15:30:00,17,Saturn,14:05:40,16:05:05,14:05:40,15:30:00,84.33
2026-09-24,09:15:00,15:30:00,14,Saturn,08:06:30,10:06:00,09:15:00,10:06:00,51.0
2026-09-24,09:15:00,15:30:00,15,Jupiter,10:06:00,12:05:30,10:06:00,12:05:30,119.5
2026-09-24,09:15:00,15:30:00,16,Mars,12:05:30,14:05:00,12:05:30,14:05:00,119.5
2026-09-24,09:15:00,15:30:00,17,Sun,14:05:00,16:04:30,14:05:00,15:30:00,85.0
2026-09-25,09:15:00,15:30:00,14,Sun,08:05:35,10:05:10,09:15:00,10:05:10,50.17
2026-09-25,09:15:00,15:30:00,15,Venus,10:05:10,12:04:45,10:05:10,12:04:45,119.58
2026-09-25,09:15:00,15:30:00,16,Mercury,12:04:45,14:04:20,12:04:45,14:04:20,119.58
2026-09-25,09:15:00,15:30:00,17,Moon,14:04:20,16:03:55,14:04:20,15:30:00,85.67
2026-09-28,09:15:00,15:30:00,14,Mercury,08:03:50,10:03:40,09:15:00,10:03:40,48.67
2026-09-28,09:15:00,15:30:00,15,Moon,10:03:40,12:03:30,10:03:40,12:03:30,119.83
2026-09-28,09:15:00,15:30:00,16,Saturn,12:03:30,14:03:20,12:03:30,14:03:20,119.83
2026-09-28,09:15:00,15:30:00,17,Jupiter,14:03:20,16:03:10,14:03:20,15:30:00,86.67
2026-09-29,09:15:00,15:30:00,14,Jupiter,08:03:50,10:03:40,09:15:00,10:03:40,48.67
2026-09-29,09:15:00,15:30:00,15,Mars,10:03:40,12:03:30,10:03:40,12:03:30,119.83
2026-09-29,09:15:00,15:30:00,16,Sun,12:03:30,14:03:20,12:03:30,14:03:20,119.83
2026-09-29,09:15:00,15:30:00,17,Venus,14:03:20,16:03:10,14:03:20,15:30:00,86.67
2026-09-30,09:15:00,15:30:00,14,Venus,08:02:55,10:02:50,09:15:00,10:02:50,47.83
2026-09-30,09:15:00,15:30:00,15,Mercury,10:02:50,12:02:45,10:02:50,12:02:45,119.92
2026-09-30,09:15:00,15:30:00,16,Moon,12:02:45,14:02:40,12:02:45,14:02:40,119.92
2026-09-30,09:15:00,15:30:00,17,Saturn,14:02:40,16:02:35,14:02:40,15:30:00,87.33
2026-10-01,09:15:00,15:30:00,14,Saturn,08:02:00,10:02:00,09:15:00,10:02:00,47.0
2026-10-01,09:15:00,15:30:00,15,Jupiter,10:02:00,12:02:00,10:02:00,12:02:00,120.0
2026-10-01,09:15:00,15:30:00,16,Mars,12:02:00,14:02:00,12:02:00,14:02:00,120.0
2026-10-01,09:15:00,15:30:00,17,Sun,14:02:00,16:02:00,14:02:00,15:30:00,88.0
2026-10-02,09:15:00,15:30:00,14,Sun,08:01:05,10:01:10,09:15:00,10:01:10,46.17
2026-10-02,09:15:00,15:30:00,15,Venus,10:01:10,12:01:15,10:01:10,12:01:15,120.08
2026-10-02,09:15:00,15:30:00,16,Mercury,12:01:15,14:01:20,12:01:15,14:01:20,120.08
2026-10-02,09:15:00,15:30:00,17,Moon,14:01:20,16:01:25,14:01:20,15:30:00,88.67
2026-10-05,09:15:00,15:30:00,14,Mercury,07:59:15,09:59:30,09:15:00,09:59:30,44.5
2026-10-05,09:15:00,15:30:00,15,Moon,09:59:30,11:59:45,09:59:30,11:59:45,120.25
2026-10-05,09:15:00,15:30:00,16,Saturn,11:59:45,14:00:00,11:59:45,14:00:00,120.25
2026-10-05,09:15:00,15:30:00,17,Jupiter,14:00:00,16:00:15,14:00:00,15:30:00,90.0
2026-10-06,09:15:00,15:30:00,14,Jupiter,07:59:15,09:59:30,09:15:00,09:59:30,44.5
2026-10-06,09:15:00,15:30:00,15,Mars,09:59:30,11:59:45,09:59:30,11:59:45,120.25
2026-10-06,09:15:00,15:30:00,16,Sun,11:59:45,14:00:00,11:59:45,14:00:00,120.25
2026-10-06,09:15:00,15:30:00,17,Venus,14:00:00,16:00:15,14:00:00,15:30:00,90.0
2026-10-07,09:15:00,15:30:00,14,Venus,07:58:20,09:58:40,09:15:00,09:58:40,43.67
2026-10-07,09:15:00,15:30:00,15,Mercury,09:58:40,11:59:00,09:58:40,11:59:00,120.33
2026-10-07,09:15:00,15:30:00,16,Moon,11:59:00,13:59:20,11:59:00,13:59:20,120.33
2026-10-07,09:15:00,15:30:00,17,Saturn,13:59:20,15:59:40,13:59:20,15:30:00,90.67
2026-10-08,09:15:00,15:30:00,14,Saturn,07:57:25,09:57:50,09:15:00,09:57:50,42.83
2026-10-08,09:15:00,15:30:00,15,Jupiter,09:57:50,11:58:15,09:57:50,11:58:15,120.42
2026-10-08,09:15:00,15:30:00,16,Mars,11:58:15,13:58:40,11:58:15,13:58:40,120.42
2026-10-08,09:15:00,15:30:00,17,Sun,13:58:40,15:59:05,13:58:40,15:30:00,91.33
